x,y,diameter,name
160.0,103.0,43.19838,Happy
372.0,137.0,52.42526,Sad
273.0,235.0,61.14072,Joyous
121.0,179.0,44.758068,Melancholy
